{
    "Users":[
        {
            "id":"1",
            "firstName":"sandhya",
            "lastName":"j",
            "email":"sandhya@gmail.com",
            "mobile":"8976567890",
            "salary":"30000"
        },
        {
            "id":"3",
            "firstName":"sandhya",
            "lastName":"j",
            "email":"sandhya@gmail.com",
            "mobile":"8976567890",
            "salary":"30000"
        },
        {
            "id":"3",
            "firstName":"sandhya",
            "lastName":"j",
            "email":"sandhya@gmail.com",
            "mobile":"8976567890",
            "salary":"30000"
        },
        {
            "id":"4",
            "firstName":"adithi",
            "lastName":"j",
            "email":"sandhya@gmail.com",
            "mobile":"8976567890",
            "salary":"30000"
        }
    ]
}